{
  "eReadz": {
    "first_seen": 1752315885.3149421,
    "last_healthy": 1752328029.3114185
  },
  "Ereads3": {
    "first_seen": 1752315885.3942285,
    "last_healthy": 1752328029.430908
  },
  "Ereads": {
    "first_seen": 1752315885.432533,
    "last_healthy": 1752328029.4826117
  },
  "Ereadz_2": {
    "first_seen": 1752315885.4812582,
    "last_healthy": 1752327779.165623
  },
  "Ereadz_3": {
    "first_seen": 1752315885.5187514,
    "last_healthy": 1752328029.5285678
  },
  "Ereadz1": {
    "first_seen": 1752327829.6121445,
    "last_healthy": 1752328096.8701622
  },
  "Ereadz": {
    "first_seen": 1752328132.8587093,
    "last_healthy": 1752329208.0994105
  }
}